source,target,type,value
10100,15000,Tier6/>48Hours,1
10700,15100,Tier6/>48Hours,1
10700,10500,Tier6/>48Hours,1
10700,10900,Tier6/>48Hours,1
10700,17900,Tier6/>48Hours,1
11000,10700,Tier6/>48Hours,1
13900,14600,Tier6/>48Hours,1
13900,10200,Tier6/>48Hours,1
13900,14000,Tier6/>48Hours,1
13900,14100,Tier6/>48Hours,1
14200,10900,Tier6/>48Hours,1
10700,10900,Tier6/>48Hours,1
14500,75700,Tier6/>48Hours,1
14500,75800,Tier6/>48Hours,1
14500,12200,Tier6/>48Hours,1
14500,10200,Tier6/>48Hours,1
14500,75900,Tier6/>48Hours,1
14500,76000,Tier6/>48Hours,1
14500,76100,Tier6/>48Hours,1
14500,14200,Tier6/>48Hours,1
14500,10400,Tier6/>48Hours,1
14500,11000,Tier6/>48Hours,1
13900,14000,Tier6/>48Hours,1
14800,14000,Tier6/>48Hours,1
10100,15000,Tier6/>48Hours,1
10700,15100,Tier6/>48Hours,1
15200,10400,Tier6/>48Hours,1
15300,10400,Tier6/>48Hours,1
17000,10400,Tier6/>48Hours,1
17100,10400,Tier6/>48Hours,1
17200,10400,Tier6/>48Hours,1
17400,10400,Tier6/>48Hours,1
14500,10400,Tier6/>48Hours,1
10000,10100,Tier5/24-48Hours,3
10200,10700,Tier5/24-48Hours,3
10300,10700,Tier5/24-48Hours,3
10600,10700,Tier5/24-48Hours,3
10900,10700,Tier5/24-48Hours,3
14000,13900,Tier5/24-48Hours,3
14100,13900,Tier5/24-48Hours,3
14000,10900,Tier5/24-48Hours,3
10600,10900,Tier5/24-48Hours,3
10900,10200,Tier5/24-48Hours,3
10900,14900,Tier5/24-48Hours,3
10900,10700,Tier5/24-48Hours,3
10200,14500,Tier5/24-48Hours,3
14600,14000,Tier5/24-48Hours,3
10200,14000,Tier5/24-48Hours,3
14000,11500,Tier5/24-48Hours,3
14000,12200,Tier5/24-48Hours,3
14000,13900,Tier5/24-48Hours,3
14000,14700,Tier5/24-48Hours,3
14000,76200,Tier5/24-48Hours,3
14000,15100,Tier5/24-48Hours,3
14000,76300,Tier5/24-48Hours,3
14000,14800,Tier5/24-48Hours,3
14000,14800,Tier5/24-48Hours,3
14000,14800,Tier5/24-48Hours,3
14000,14900,Tier5/24-48Hours,3
14000,10900,Tier5/24-48Hours,3
14000,15000,Tier5/24-48Hours,3
14900,14000,Tier5/24-48Hours,3
15000,14000,Tier5/24-48Hours,3
10200,15000,Tier5/24-48Hours,3
14000,15000,Tier5/24-48Hours,3
14900,15000,Tier5/24-48Hours,3
15000,14000,Tier5/24-48Hours,3
15100,10200,Tier5/24-48Hours,3
14000,15100,Tier5/24-48Hours,3
10600,15100,Tier5/24-48Hours,3
16300,10400,Tier5/24-48Hours,3
17500,10200,Tier5/24-48Hours,3
17500,17700,Tier5/24-48Hours,3
17500,77200,Tier5/24-48Hours,3
17700,17500,Tier5/24-48Hours,3
10800,10700,Tier4/10-24Hours,5
13000,13900,Tier4/10-24Hours,5
14300,10900,Tier4/10-24Hours,5
11200,14000,Tier4/10-24Hours,5
14700,14000,Tier4/10-24Hours,5
11200,15000,Tier4/10-24Hours,5
16200,10400,Tier4/10-24Hours,5
16900,10400,Tier4/10-24Hours,5
17300,10400,Tier4/10-24Hours,5
11200,17500,Tier4/10-24Hours,5
17600,17500,Tier4/10-24Hours,5
17800,17500,Tier4/10-24Hours,5
10500,10700,Tier3/4-10Hours,8
14400,14500,Tier3/4-10Hours,8
15400,10400,Tier3/4-10Hours,8
15900,10400,Tier3/4-10Hours,8
16600,10400,Tier3/4-10Hours,8
16700,10400,Tier3/4-10Hours,8
10400,10700,Tier2/1-4Hours,10
12000,18000,Tier2/1-4Hours,10
12000,18100,Tier2/1-4Hours,10
12000,18200,Tier2/1-4Hours,10
12000,18300,Tier2/1-4Hours,10
12000,18400,Tier2/1-4Hours,10
12000,18500,Tier2/1-4Hours,10
12000,18600,Tier2/1-4Hours,10
12000,18700,Tier2/1-4Hours,10
12000,18800,Tier2/1-4Hours,10
12000,18900,Tier2/1-4Hours,10
12000,19000,Tier2/1-4Hours,10
12000,19000,Tier2/1-4Hours,10
12000,19200,Tier2/1-4Hours,10
12000,19300,Tier2/1-4Hours,10
12000,19400,Tier2/1-4Hours,10
12000,19500,Tier2/1-4Hours,10
12000,19600,Tier2/1-4Hours,10
12000,19700,Tier2/1-4Hours,10
12000,19800,Tier2/1-4Hours,10
12000,19900,Tier2/1-4Hours,10
12000,20000,Tier2/1-4Hours,10
12000,20000,Tier2/1-4Hours,10
12000,20100,Tier2/1-4Hours,10
12000,20200,Tier2/1-4Hours,10
12000,20300,Tier2/1-4Hours,10
12000,20400,Tier2/1-4Hours,10
12000,20500,Tier2/1-4Hours,10
12000,20600,Tier2/1-4Hours,10
12000,20700,Tier2/1-4Hours,10
12000,20800,Tier2/1-4Hours,10
12000,20900,Tier2/1-4Hours,10
12000,21000,Tier2/1-4Hours,10
12000,21100,Tier2/1-4Hours,10
12000,21200,Tier2/1-4Hours,10
12000,21300,Tier2/1-4Hours,10
12000,21400,Tier2/1-4Hours,10
12000,21500,Tier2/1-4Hours,10
12000,21600,Tier2/1-4Hours,10
12000,21700,Tier2/1-4Hours,10
12000,21700,Tier2/1-4Hours,10
12000,21800,Tier2/1-4Hours,10
12000,21900,Tier2/1-4Hours,10
12000,21900,Tier2/1-4Hours,10
12000,22000,Tier2/1-4Hours,10
12000,22000,Tier2/1-4Hours,10
12000,22100,Tier2/1-4Hours,10
12000,22200,Tier2/1-4Hours,10
12000,22300,Tier2/1-4Hours,10
12000,22400,Tier2/1-4Hours,10
12000,22500,Tier2/1-4Hours,10
12000,22600,Tier2/1-4Hours,10
12000,22700,Tier2/1-4Hours,10
12000,22800,Tier2/1-4Hours,10
12000,22800,Tier2/1-4Hours,10
12000,22800,Tier2/1-4Hours,10
12000,22900,Tier2/1-4Hours,10
12000,23000,Tier2/1-4Hours,10
12000,23100,Tier2/1-4Hours,10
12000,23200,Tier2/1-4Hours,10
12000,23300,Tier2/1-4Hours,10
12000,23400,Tier2/1-4Hours,10
12000,23500,Tier2/1-4Hours,10
12000,23600,Tier2/1-4Hours,10
12000,23600,Tier2/1-4Hours,10
12000,23700,Tier2/1-4Hours,10
12000,23800,Tier2/1-4Hours,10
12000,23900,Tier2/1-4Hours,10
12000,24000,Tier2/1-4Hours,10
12000,24100,Tier2/1-4Hours,10
12000,24200,Tier2/1-4Hours,10
12000,24300,Tier2/1-4Hours,10
12000,24400,Tier2/1-4Hours,10
12000,24500,Tier2/1-4Hours,10
12000,24500,Tier2/1-4Hours,10
12000,24600,Tier2/1-4Hours,10
12000,24700,Tier2/1-4Hours,10
12000,24800,Tier2/1-4Hours,10
12000,24900,Tier2/1-4Hours,10
12000,25000,Tier2/1-4Hours,10
12000,25100,Tier2/1-4Hours,10
12000,25200,Tier2/1-4Hours,10
12000,25300,Tier2/1-4Hours,10
12000,25400,Tier2/1-4Hours,10
12000,25500,Tier2/1-4Hours,10
12000,25600,Tier2/1-4Hours,10
12000,25600,Tier2/1-4Hours,10
12000,25700,Tier2/1-4Hours,10
12000,25800,Tier2/1-4Hours,10
12000,25900,Tier2/1-4Hours,10
12000,26000,Tier2/1-4Hours,10
12000,26100,Tier2/1-4Hours,10
12000,26200,Tier2/1-4Hours,10
12000,26200,Tier2/1-4Hours,10
12000,26300,Tier2/1-4Hours,10
12000,26300,Tier2/1-4Hours,10
12000,26400,Tier2/1-4Hours,10
12000,26500,Tier2/1-4Hours,10
12000,26500,Tier2/1-4Hours,10
12000,26600,Tier2/1-4Hours,10
12000,26700,Tier2/1-4Hours,10
12000,26700,Tier2/1-4Hours,10
12000,26700,Tier2/1-4Hours,10
12000,26800,Tier2/1-4Hours,10
12000,26900,Tier2/1-4Hours,10
12000,27000,Tier2/1-4Hours,10
12000,27100,Tier2/1-4Hours,10
12000,27200,Tier2/1-4Hours,10
12000,27300,Tier2/1-4Hours,10
12000,27300,Tier2/1-4Hours,10
12000,27400,Tier2/1-4Hours,10
12000,27500,Tier2/1-4Hours,10
12000,27600,Tier2/1-4Hours,10
12000,27700,Tier2/1-4Hours,10
12000,27800,Tier2/1-4Hours,10
12000,27900,Tier2/1-4Hours,10
12000,28000,Tier2/1-4Hours,10
12000,28100,Tier2/1-4Hours,10
12000,28100,Tier2/1-4Hours,10
12000,28100,Tier2/1-4Hours,10
12000,28200,Tier2/1-4Hours,10
12000,28300,Tier2/1-4Hours,10
12000,28400,Tier2/1-4Hours,10
12000,28500,Tier2/1-4Hours,10
12000,28600,Tier2/1-4Hours,10
12000,28700,Tier2/1-4Hours,10
12000,28700,Tier2/1-4Hours,10
12000,28800,Tier2/1-4Hours,10
12000,28900,Tier2/1-4Hours,10
12000,29000,Tier2/1-4Hours,10
12000,29100,Tier2/1-4Hours,10
12000,29200,Tier2/1-4Hours,10
12000,29200,Tier2/1-4Hours,10
12000,29300,Tier2/1-4Hours,10
12000,29400,Tier2/1-4Hours,10
12000,29500,Tier2/1-4Hours,10
12000,29600,Tier2/1-4Hours,10
12000,29700,Tier2/1-4Hours,10
12000,29800,Tier2/1-4Hours,10
12000,29900,Tier2/1-4Hours,10
12000,30000,Tier2/1-4Hours,10
12000,30100,Tier2/1-4Hours,10
12000,30200,Tier2/1-4Hours,10
12000,30300,Tier2/1-4Hours,10
12000,30400,Tier2/1-4Hours,10
12000,30400,Tier2/1-4Hours,10
12000,30500,Tier2/1-4Hours,10
12000,30600,Tier2/1-4Hours,10
12000,30700,Tier2/1-4Hours,10
12000,30800,Tier2/1-4Hours,10
12000,30800,Tier2/1-4Hours,10
12000,30800,Tier2/1-4Hours,10
12000,30900,Tier2/1-4Hours,10
12000,30900,Tier2/1-4Hours,10
12000,31000,Tier2/1-4Hours,10
12000,31100,Tier2/1-4Hours,10
12000,31200,Tier2/1-4Hours,10
12000,31300,Tier2/1-4Hours,10
12000,31300,Tier2/1-4Hours,10
12000,31400,Tier2/1-4Hours,10
12000,31500,Tier2/1-4Hours,10
12000,31500,Tier2/1-4Hours,10
12000,31600,Tier2/1-4Hours,10
12000,31700,Tier2/1-4Hours,10
12000,31800,Tier2/1-4Hours,10
12000,31900,Tier2/1-4Hours,10
12000,32000,Tier2/1-4Hours,10
12000,32100,Tier2/1-4Hours,10
12000,32200,Tier2/1-4Hours,10
12000,32300,Tier2/1-4Hours,10
12000,32400,Tier2/1-4Hours,10
12000,32500,Tier2/1-4Hours,10
12000,32600,Tier2/1-4Hours,10
12000,32700,Tier2/1-4Hours,10
12000,32800,Tier2/1-4Hours,10
12000,32900,Tier2/1-4Hours,10
12000,33000,Tier2/1-4Hours,10
12000,33100,Tier2/1-4Hours,10
12000,33200,Tier2/1-4Hours,10
12000,33300,Tier2/1-4Hours,10
12000,33400,Tier2/1-4Hours,10
12000,33500,Tier2/1-4Hours,10
12000,33600,Tier2/1-4Hours,10
12000,33700,Tier2/1-4Hours,10
12000,33800,Tier2/1-4Hours,10
12000,33800,Tier2/1-4Hours,10
12000,33900,Tier2/1-4Hours,10
12000,34000,Tier2/1-4Hours,10
12000,34100,Tier2/1-4Hours,10
12000,34200,Tier2/1-4Hours,10
12000,34300,Tier2/1-4Hours,10
12000,34400,Tier2/1-4Hours,10
12000,34500,Tier2/1-4Hours,10
12000,34600,Tier2/1-4Hours,10
12000,34700,Tier2/1-4Hours,10
12000,34800,Tier2/1-4Hours,10
12000,34900,Tier2/1-4Hours,10
12000,35000,Tier2/1-4Hours,10
12000,35100,Tier2/1-4Hours,10
12000,35200,Tier2/1-4Hours,10
12000,35300,Tier2/1-4Hours,10
12000,35400,Tier2/1-4Hours,10
12000,35500,Tier2/1-4Hours,10
12000,35600,Tier2/1-4Hours,10
12000,35700,Tier2/1-4Hours,10
12000,35800,Tier2/1-4Hours,10
12000,35900,Tier2/1-4Hours,10
12000,36000,Tier2/1-4Hours,10
12000,36100,Tier2/1-4Hours,10
12000,36200,Tier2/1-4Hours,10
12000,36300,Tier2/1-4Hours,10
12000,36400,Tier2/1-4Hours,10
12000,36500,Tier2/1-4Hours,10
12000,36600,Tier2/1-4Hours,10
12000,36700,Tier2/1-4Hours,10
12000,36800,Tier2/1-4Hours,10
12000,36900,Tier2/1-4Hours,10
12000,37000,Tier2/1-4Hours,10
12000,37100,Tier2/1-4Hours,10
12000,37200,Tier2/1-4Hours,10
12000,37300,Tier2/1-4Hours,10
12000,37400,Tier2/1-4Hours,10
12000,37500,Tier2/1-4Hours,10
12000,37600,Tier2/1-4Hours,10
12000,37700,Tier2/1-4Hours,10
12000,37700,Tier2/1-4Hours,10
12000,37800,Tier2/1-4Hours,10
12000,37900,Tier2/1-4Hours,10
12000,37900,Tier2/1-4Hours,10
12000,38000,Tier2/1-4Hours,10
12000,38100,Tier2/1-4Hours,10
12000,38200,Tier2/1-4Hours,10
12000,38200,Tier2/1-4Hours,10
12000,38300,Tier2/1-4Hours,10
12000,38400,Tier2/1-4Hours,10
12000,38400,Tier2/1-4Hours,10
12000,38400,Tier2/1-4Hours,10
12000,38500,Tier2/1-4Hours,10
12000,38600,Tier2/1-4Hours,10
12000,38600,Tier2/1-4Hours,10
12000,38700,Tier2/1-4Hours,10
12000,38800,Tier2/1-4Hours,10
12000,38900,Tier2/1-4Hours,10
12000,39000,Tier2/1-4Hours,10
12000,39100,Tier2/1-4Hours,10
12000,39200,Tier2/1-4Hours,10
12000,39300,Tier2/1-4Hours,10
12000,39400,Tier2/1-4Hours,10
12000,39400,Tier2/1-4Hours,10
12000,39500,Tier2/1-4Hours,10
12000,39600,Tier2/1-4Hours,10
12000,39700,Tier2/1-4Hours,10
12000,39700,Tier2/1-4Hours,10
12000,39700,Tier2/1-4Hours,10
12000,39800,Tier2/1-4Hours,10
12000,39800,Tier2/1-4Hours,10
12000,39900,Tier2/1-4Hours,10
12000,39900,Tier2/1-4Hours,10
12000,39900,Tier2/1-4Hours,10
12000,39900,Tier2/1-4Hours,10
12000,39900,Tier2/1-4Hours,10
12000,39900,Tier2/1-4Hours,10
12000,39900,Tier2/1-4Hours,10
12000,40000,Tier2/1-4Hours,10
12000,40100,Tier2/1-4Hours,10
12000,40200,Tier2/1-4Hours,10
12000,40300,Tier2/1-4Hours,10
12000,40400,Tier2/1-4Hours,10
12000,40500,Tier2/1-4Hours,10
12000,40600,Tier2/1-4Hours,10
12000,40700,Tier2/1-4Hours,10
12000,40800,Tier2/1-4Hours,10
12000,40900,Tier2/1-4Hours,10
12000,41000,Tier2/1-4Hours,10
12000,41100,Tier2/1-4Hours,10
12000,41200,Tier2/1-4Hours,10
12000,41300,Tier2/1-4Hours,10
12000,41300,Tier2/1-4Hours,10
12000,41300,Tier2/1-4Hours,10
12000,41300,Tier2/1-4Hours,10
12000,41300,Tier2/1-4Hours,10
12000,41300,Tier2/1-4Hours,10
12000,41300,Tier2/1-4Hours,10
12000,41300,Tier2/1-4Hours,10
12000,41300,Tier2/1-4Hours,10
12000,41400,Tier2/1-4Hours,10
12000,41400,Tier2/1-4Hours,10
12000,41500,Tier2/1-4Hours,10
12000,41600,Tier2/1-4Hours,10
12000,41700,Tier2/1-4Hours,10
12000,41800,Tier2/1-4Hours,10
12000,41800,Tier2/1-4Hours,10
12000,41900,Tier2/1-4Hours,10
12000,42000,Tier2/1-4Hours,10
12000,42100,Tier2/1-4Hours,10
12000,42200,Tier2/1-4Hours,10
12000,42200,Tier2/1-4Hours,10
12000,42300,Tier2/1-4Hours,10
12000,42300,Tier2/1-4Hours,10
12000,42400,Tier2/1-4Hours,10
12000,42500,Tier2/1-4Hours,10
12000,42600,Tier2/1-4Hours,10
12000,42700,Tier2/1-4Hours,10
12000,42700,Tier2/1-4Hours,10
12000,42700,Tier2/1-4Hours,10
12000,42800,Tier2/1-4Hours,10
12000,42900,Tier2/1-4Hours,10
12000,43000,Tier2/1-4Hours,10
12000,43100,Tier2/1-4Hours,10
12000,43200,Tier2/1-4Hours,10
12000,43300,Tier2/1-4Hours,10
12000,43400,Tier2/1-4Hours,10
12000,43500,Tier2/1-4Hours,10
12000,43600,Tier2/1-4Hours,10
12000,43700,Tier2/1-4Hours,10
12000,43700,Tier2/1-4Hours,10
12000,43700,Tier2/1-4Hours,10
12000,43700,Tier2/1-4Hours,10
12000,43800,Tier2/1-4Hours,10
12000,43900,Tier2/1-4Hours,10
12000,44000,Tier2/1-4Hours,10
12000,44000,Tier2/1-4Hours,10
12000,44100,Tier2/1-4Hours,10
12000,44200,Tier2/1-4Hours,10
12000,44300,Tier2/1-4Hours,10
12000,44300,Tier2/1-4Hours,10
12000,44400,Tier2/1-4Hours,10
12000,44500,Tier2/1-4Hours,10
12000,44600,Tier2/1-4Hours,10
12000,44700,Tier2/1-4Hours,10
12000,44700,Tier2/1-4Hours,10
12000,44800,Tier2/1-4Hours,10
12000,44900,Tier2/1-4Hours,10
12000,44900,Tier2/1-4Hours,10
12000,45000,Tier2/1-4Hours,10
12000,45100,Tier2/1-4Hours,10
12000,45200,Tier2/1-4Hours,10
12000,45300,Tier2/1-4Hours,10
12000,45400,Tier2/1-4Hours,10
12000,45400,Tier2/1-4Hours,10
12000,45500,Tier2/1-4Hours,10
12000,45600,Tier2/1-4Hours,10
12000,45700,Tier2/1-4Hours,10
12000,45800,Tier2/1-4Hours,10
12000,45900,Tier2/1-4Hours,10
12000,46000,Tier2/1-4Hours,10
12000,46100,Tier2/1-4Hours,10
12000,46200,Tier2/1-4Hours,10
12000,46300,Tier2/1-4Hours,10
12000,46400,Tier2/1-4Hours,10
12000,46500,Tier2/1-4Hours,10
12000,46600,Tier2/1-4Hours,10
12000,46700,Tier2/1-4Hours,10
12000,46800,Tier2/1-4Hours,10
12000,46900,Tier2/1-4Hours,10
12000,47000,Tier2/1-4Hours,10
12000,47000,Tier2/1-4Hours,10
12000,47100,Tier2/1-4Hours,10
12000,47200,Tier2/1-4Hours,10
12000,47300,Tier2/1-4Hours,10
12000,47400,Tier2/1-4Hours,10
12000,47500,Tier2/1-4Hours,10
12000,47600,Tier2/1-4Hours,10
12000,47700,Tier2/1-4Hours,10
12000,47800,Tier2/1-4Hours,10
12000,47900,Tier2/1-4Hours,10
12000,48000,Tier2/1-4Hours,10
12000,48100,Tier2/1-4Hours,10
12000,48200,Tier2/1-4Hours,10
12000,48300,Tier2/1-4Hours,10
12000,48400,Tier2/1-4Hours,10
12000,48500,Tier2/1-4Hours,10
12000,48600,Tier2/1-4Hours,10
12000,48700,Tier2/1-4Hours,10
12000,48800,Tier2/1-4Hours,10
12000,48900,Tier2/1-4Hours,10
12000,49000,Tier2/1-4Hours,10
12000,49100,Tier2/1-4Hours,10
12000,49200,Tier2/1-4Hours,10
12000,49300,Tier2/1-4Hours,10
12000,49400,Tier2/1-4Hours,10
12000,49500,Tier2/1-4Hours,10
12000,49600,Tier2/1-4Hours,10
12000,49700,Tier2/1-4Hours,10
12000,49800,Tier2/1-4Hours,10
12000,49900,Tier2/1-4Hours,10
12000,50000,Tier2/1-4Hours,10
12000,50100,Tier2/1-4Hours,10
12000,50200,Tier2/1-4Hours,10
12000,50300,Tier2/1-4Hours,10
12000,50400,Tier2/1-4Hours,10
12000,50500,Tier2/1-4Hours,10
12000,50600,Tier2/1-4Hours,10
12000,50700,Tier2/1-4Hours,10
12000,50700,Tier2/1-4Hours,10
12000,50700,Tier2/1-4Hours,10
12000,50800,Tier2/1-4Hours,10
12000,50900,Tier2/1-4Hours,10
12000,51000,Tier2/1-4Hours,10
12000,51100,Tier2/1-4Hours,10
12000,51200,Tier2/1-4Hours,10
12000,51300,Tier2/1-4Hours,10
12000,51400,Tier2/1-4Hours,10
12000,51500,Tier2/1-4Hours,10
12000,51600,Tier2/1-4Hours,10
12000,51700,Tier2/1-4Hours,10
12000,51800,Tier2/1-4Hours,10
12000,51900,Tier2/1-4Hours,10
12000,52000,Tier2/1-4Hours,10
12000,52100,Tier2/1-4Hours,10
12000,52200,Tier2/1-4Hours,10
12000,52300,Tier2/1-4Hours,10
12000,52400,Tier2/1-4Hours,10
12000,52500,Tier2/1-4Hours,10
12000,52600,Tier2/1-4Hours,10
12000,52700,Tier2/1-4Hours,10
12000,52800,Tier2/1-4Hours,10
12000,52900,Tier2/1-4Hours,10
12000,53000,Tier2/1-4Hours,10
12000,53100,Tier2/1-4Hours,10
12000,53100,Tier2/1-4Hours,10
12000,53200,Tier2/1-4Hours,10
12000,53300,Tier2/1-4Hours,10
12000,53400,Tier2/1-4Hours,10
12000,53500,Tier2/1-4Hours,10
12000,53600,Tier2/1-4Hours,10
12000,53700,Tier2/1-4Hours,10
12000,53800,Tier2/1-4Hours,10
12000,53800,Tier2/1-4Hours,10
12000,53900,Tier2/1-4Hours,10
12000,53900,Tier2/1-4Hours,10
12000,54000,Tier2/1-4Hours,10
12000,54000,Tier2/1-4Hours,10
12000,54000,Tier2/1-4Hours,10
12000,54100,Tier2/1-4Hours,10
12000,54200,Tier2/1-4Hours,10
12000,54200,Tier2/1-4Hours,10
12000,54300,Tier2/1-4Hours,10
12000,54400,Tier2/1-4Hours,10
12000,54500,Tier2/1-4Hours,10
12000,54600,Tier2/1-4Hours,10
12000,54700,Tier2/1-4Hours,10
12000,54800,Tier2/1-4Hours,10
12000,54800,Tier2/1-4Hours,10
12000,54800,Tier2/1-4Hours,10
12000,54800,Tier2/1-4Hours,10
12000,54800,Tier2/1-4Hours,10
12000,54800,Tier2/1-4Hours,10
12000,54800,Tier2/1-4Hours,10
12000,54800,Tier2/1-4Hours,10
12000,54800,Tier2/1-4Hours,10
12000,54800,Tier2/1-4Hours,10
12000,54800,Tier2/1-4Hours,10
12000,54800,Tier2/1-4Hours,10
12000,54900,Tier2/1-4Hours,10
12000,55000,Tier2/1-4Hours,10
12000,55000,Tier2/1-4Hours,10
12000,55000,Tier2/1-4Hours,10
12000,55000,Tier2/1-4Hours,10
12000,55100,Tier2/1-4Hours,10
12000,55100,Tier2/1-4Hours,10
12000,55200,Tier2/1-4Hours,10
12000,55300,Tier2/1-4Hours,10
12000,55400,Tier2/1-4Hours,10
12000,55400,Tier2/1-4Hours,10
12000,55500,Tier2/1-4Hours,10
12000,55600,Tier2/1-4Hours,10
12000,55700,Tier2/1-4Hours,10
12000,55800,Tier2/1-4Hours,10
12000,55900,Tier2/1-4Hours,10
12000,55900,Tier2/1-4Hours,10
12000,55900,Tier2/1-4Hours,10
12000,56000,Tier2/1-4Hours,10
12000,56100,Tier2/1-4Hours,10
12000,56200,Tier2/1-4Hours,10
12000,56200,Tier2/1-4Hours,10
12000,56300,Tier2/1-4Hours,10
12000,56400,Tier2/1-4Hours,10
12000,56500,Tier2/1-4Hours,10
12000,56600,Tier2/1-4Hours,10
12000,56700,Tier2/1-4Hours,10
12000,56800,Tier2/1-4Hours,10
12000,56900,Tier2/1-4Hours,10
12000,57000,Tier2/1-4Hours,10
12000,57100,Tier2/1-4Hours,10
12000,57200,Tier2/1-4Hours,10
12000,57300,Tier2/1-4Hours,10
12000,57400,Tier2/1-4Hours,10
12000,57500,Tier2/1-4Hours,10
12000,57500,Tier2/1-4Hours,10
12000,57500,Tier2/1-4Hours,10
12000,57600,Tier2/1-4Hours,10
12000,57700,Tier2/1-4Hours,10
12000,57800,Tier2/1-4Hours,10
12000,57900,Tier2/1-4Hours,10
12000,58000,Tier2/1-4Hours,10
12000,58100,Tier2/1-4Hours,10
12000,58100,Tier2/1-4Hours,10
12000,58200,Tier2/1-4Hours,10
12000,58300,Tier2/1-4Hours,10
12000,58300,Tier2/1-4Hours,10
12000,58400,Tier2/1-4Hours,10
12000,58500,Tier2/1-4Hours,10
12000,58600,Tier2/1-4Hours,10
12000,58700,Tier2/1-4Hours,10
12000,58800,Tier2/1-4Hours,10
12000,58900,Tier2/1-4Hours,10
12000,58900,Tier2/1-4Hours,10
12000,59000,Tier2/1-4Hours,10
12000,59100,Tier2/1-4Hours,10
12000,59200,Tier2/1-4Hours,10
12000,59300,Tier2/1-4Hours,10
12000,59400,Tier2/1-4Hours,10
12000,59500,Tier2/1-4Hours,10
12000,59600,Tier2/1-4Hours,10
12000,59700,Tier2/1-4Hours,10
12000,59800,Tier2/1-4Hours,10
12000,59900,Tier2/1-4Hours,10
12000,60000,Tier2/1-4Hours,10
12000,60000,Tier2/1-4Hours,10
12000,60000,Tier2/1-4Hours,10
12000,60100,Tier2/1-4Hours,10
12000,60200,Tier2/1-4Hours,10
12000,60200,Tier2/1-4Hours,10
12000,60300,Tier2/1-4Hours,10
12000,60400,Tier2/1-4Hours,10
12000,60500,Tier2/1-4Hours,10
12000,60600,Tier2/1-4Hours,10
12000,60700,Tier2/1-4Hours,10
12000,60800,Tier2/1-4Hours,10
12000,60900,Tier2/1-4Hours,10
12000,61000,Tier2/1-4Hours,10
12000,61100,Tier2/1-4Hours,10
12000,61200,Tier2/1-4Hours,10
12000,61300,Tier2/1-4Hours,10
12000,61400,Tier2/1-4Hours,10
12000,61500,Tier2/1-4Hours,10
12000,61600,Tier2/1-4Hours,10
12000,61700,Tier2/1-4Hours,10
12000,61800,Tier2/1-4Hours,10
12000,61900,Tier2/1-4Hours,10
12000,61900,Tier2/1-4Hours,10
12000,62000,Tier2/1-4Hours,10
12000,62100,Tier2/1-4Hours,10
12000,62100,Tier2/1-4Hours,10
12000,62200,Tier2/1-4Hours,10
12000,62300,Tier2/1-4Hours,10
12000,62300,Tier2/1-4Hours,10
12000,62400,Tier2/1-4Hours,10
12000,62400,Tier2/1-4Hours,10
12000,62400,Tier2/1-4Hours,10
12000,62500,Tier2/1-4Hours,10
12000,62500,Tier2/1-4Hours,10
12000,62600,Tier2/1-4Hours,10
12000,62700,Tier2/1-4Hours,10
12000,62800,Tier2/1-4Hours,10
12000,62800,Tier2/1-4Hours,10
12000,62800,Tier2/1-4Hours,10
12000,62900,Tier2/1-4Hours,10
12000,63000,Tier2/1-4Hours,10
12000,63100,Tier2/1-4Hours,10
12000,63100,Tier2/1-4Hours,10
12000,63200,Tier2/1-4Hours,10
12000,63300,Tier2/1-4Hours,10
12000,63400,Tier2/1-4Hours,10
12000,63400,Tier2/1-4Hours,10
12000,63500,Tier2/1-4Hours,10
12000,63600,Tier2/1-4Hours,10
12000,63700,Tier2/1-4Hours,10
12000,63700,Tier2/1-4Hours,10
12000,63700,Tier2/1-4Hours,10
12000,63700,Tier2/1-4Hours,10
12000,63800,Tier2/1-4Hours,10
12000,63800,Tier2/1-4Hours,10
12000,63900,Tier2/1-4Hours,10
12000,64000,Tier2/1-4Hours,10
12000,64100,Tier2/1-4Hours,10
12000,64100,Tier2/1-4Hours,10
12000,64100,Tier2/1-4Hours,10
12000,64200,Tier2/1-4Hours,10
12000,64300,Tier2/1-4Hours,10
12000,64400,Tier2/1-4Hours,10
12000,64400,Tier2/1-4Hours,10
12000,64500,Tier2/1-4Hours,10
12000,64600,Tier2/1-4Hours,10
12000,64700,Tier2/1-4Hours,10
12000,64800,Tier2/1-4Hours,10
12000,64800,Tier2/1-4Hours,10
12000,64900,Tier2/1-4Hours,10
12000,65000,Tier2/1-4Hours,10
12000,65100,Tier2/1-4Hours,10
12000,65200,Tier2/1-4Hours,10
12000,65300,Tier2/1-4Hours,10
12000,65400,Tier2/1-4Hours,10
12000,65500,Tier2/1-4Hours,10
12000,65600,Tier2/1-4Hours,10
12000,65700,Tier2/1-4Hours,10
12000,65800,Tier2/1-4Hours,10
12000,65900,Tier2/1-4Hours,10
12000,66000,Tier2/1-4Hours,10
12000,66100,Tier2/1-4Hours,10
12000,66200,Tier2/1-4Hours,10
12000,66200,Tier2/1-4Hours,10
12000,66300,Tier2/1-4Hours,10
12000,66400,Tier2/1-4Hours,10
12000,66500,Tier2/1-4Hours,10
12000,66600,Tier2/1-4Hours,10
12000,66700,Tier2/1-4Hours,10
12000,66800,Tier2/1-4Hours,10
12000,66900,Tier2/1-4Hours,10
12000,66900,Tier2/1-4Hours,10
12000,67000,Tier2/1-4Hours,10
12000,67100,Tier2/1-4Hours,10
12000,67200,Tier2/1-4Hours,10
12000,67300,Tier2/1-4Hours,10
12000,67400,Tier2/1-4Hours,10
12000,67500,Tier2/1-4Hours,10
12000,67500,Tier2/1-4Hours,10
12000,67500,Tier2/1-4Hours,10
12000,67500,Tier2/1-4Hours,10
12000,67500,Tier2/1-4Hours,10
12000,67500,Tier2/1-4Hours,10
12000,67600,Tier2/1-4Hours,10
12000,67700,Tier2/1-4Hours,10
12000,67800,Tier2/1-4Hours,10
12000,67800,Tier2/1-4Hours,10
12000,67900,Tier2/1-4Hours,10
12000,68000,Tier2/1-4Hours,10
12000,68100,Tier2/1-4Hours,10
12000,68200,Tier2/1-4Hours,10
12000,68300,Tier2/1-4Hours,10
12000,68400,Tier2/1-4Hours,10
12000,68500,Tier2/1-4Hours,10
12000,68600,Tier2/1-4Hours,10
12000,68700,Tier2/1-4Hours,10
12000,68800,Tier2/1-4Hours,10
12000,68800,Tier2/1-4Hours,10
12000,68900,Tier2/1-4Hours,10
12000,69000,Tier2/1-4Hours,10
12000,69100,Tier2/1-4Hours,10
12000,69100,Tier2/1-4Hours,10
12000,69200,Tier2/1-4Hours,10
12000,69300,Tier2/1-4Hours,10
12000,69400,Tier2/1-4Hours,10
12000,69500,Tier2/1-4Hours,10
12000,69500,Tier2/1-4Hours,10
12000,69500,Tier2/1-4Hours,10
12000,69500,Tier2/1-4Hours,10
12000,69600,Tier2/1-4Hours,10
12000,69700,Tier2/1-4Hours,10
12000,69800,Tier2/1-4Hours,10
12000,69800,Tier2/1-4Hours,10
12000,69800,Tier2/1-4Hours,10
12000,69800,Tier2/1-4Hours,10
12000,69800,Tier2/1-4Hours,10
12000,69800,Tier2/1-4Hours,10
12000,69800,Tier2/1-4Hours,10
12000,69800,Tier2/1-4Hours,10
12000,69800,Tier2/1-4Hours,10
12000,69900,Tier2/1-4Hours,10
12000,70000,Tier2/1-4Hours,10
12000,70100,Tier2/1-4Hours,10
12000,70200,Tier2/1-4Hours,10
12000,70300,Tier2/1-4Hours,10
12000,70400,Tier2/1-4Hours,10
12000,70500,Tier2/1-4Hours,10
12000,70600,Tier2/1-4Hours,10
12000,70700,Tier2/1-4Hours,10
12000,70700,Tier2/1-4Hours,10
12000,70700,Tier2/1-4Hours,10
12000,70700,Tier2/1-4Hours,10
12000,70800,Tier2/1-4Hours,10
12000,70900,Tier2/1-4Hours,10
12000,71000,Tier2/1-4Hours,10
12000,71000,Tier2/1-4Hours,10
12000,71100,Tier2/1-4Hours,10
12000,71200,Tier2/1-4Hours,10
12000,71300,Tier2/1-4Hours,10
12000,71400,Tier2/1-4Hours,10
12000,71500,Tier2/1-4Hours,10
12000,71500,Tier2/1-4Hours,10
12000,71600,Tier2/1-4Hours,10
12000,71600,Tier2/1-4Hours,10
12000,71600,Tier2/1-4Hours,10
12000,71600,Tier2/1-4Hours,10
12000,71600,Tier2/1-4Hours,10
12000,71700,Tier2/1-4Hours,10
12000,71800,Tier2/1-4Hours,10
12000,71900,Tier2/1-4Hours,10
12000,72000,Tier2/1-4Hours,10
12000,72100,Tier2/1-4Hours,10
12000,72100,Tier2/1-4Hours,10
12000,72100,Tier2/1-4Hours,10
12000,72200,Tier2/1-4Hours,10
12000,72200,Tier2/1-4Hours,10
12000,72200,Tier2/1-4Hours,10
12000,72300,Tier2/1-4Hours,10
12000,72400,Tier2/1-4Hours,10
12000,72600,Tier2/1-4Hours,10
12000,72700,Tier2/1-4Hours,10
12000,72800,Tier2/1-4Hours,10
12000,72900,Tier2/1-4Hours,10
12000,72900,Tier2/1-4Hours,10
12000,73000,Tier2/1-4Hours,10
12000,73000,Tier2/1-4Hours,10
12000,73100,Tier2/1-4Hours,10
12000,73200,Tier2/1-4Hours,10
12000,73300,Tier2/1-4Hours,10
12000,73300,Tier2/1-4Hours,10
12000,73300,Tier2/1-4Hours,10
12000,73300,Tier2/1-4Hours,10
12000,73300,Tier2/1-4Hours,10
12000,73300,Tier2/1-4Hours,10
12000,73300,Tier2/1-4Hours,10
12000,73400,Tier2/1-4Hours,10
12000,73500,Tier2/1-4Hours,10
12000,73600,Tier2/1-4Hours,10
12000,73800,Tier2/1-4Hours,10
12000,73900,Tier2/1-4Hours,10
12000,74000,Tier2/1-4Hours,10
12000,74100,Tier2/1-4Hours,10
12000,74100,Tier2/1-4Hours,10
12000,74100,Tier2/1-4Hours,10
12000,74200,Tier2/1-4Hours,10
12000,74200,Tier2/1-4Hours,10
12000,74200,Tier2/1-4Hours,10
12000,74200,Tier2/1-4Hours,10
12000,74200,Tier2/1-4Hours,10
12000,74200,Tier2/1-4Hours,10
12000,74200,Tier2/1-4Hours,10
12000,74200,Tier2/1-4Hours,10
12000,74300,Tier2/1-4Hours,10
12000,74400,Tier2/1-4Hours,10
12000,74400,Tier2/1-4Hours,10
12000,74500,Tier2/1-4Hours,10
12000,74500,Tier2/1-4Hours,10
12000,74500,Tier2/1-4Hours,10
12000,74600,Tier2/1-4Hours,10
12000,74700,Tier2/1-4Hours,10
12000,74800,Tier2/1-4Hours,10
12000,74900,Tier2/1-4Hours,10
12000,75000,Tier2/1-4Hours,10
12000,75000,Tier2/1-4Hours,10
12000,75100,Tier2/1-4Hours,10
12000,75200,Tier2/1-4Hours,10
12000,75200,Tier2/1-4Hours,10
12000,75200,Tier2/1-4Hours,10
12000,75200,Tier2/1-4Hours,10
12000,75300,Tier2/1-4Hours,10
12000,75400,Tier2/1-4Hours,10
12000,75400,Tier2/1-4Hours,10
12000,75400,Tier2/1-4Hours,10
12000,10900,Tier2/1-4Hours,10
12000,14500,Tier2/1-4Hours,10
12000,14500,Tier2/1-4Hours,10
12000,14000,Tier2/1-4Hours,10
12000,14000,Tier2/1-4Hours,10
12000,14000,Tier2/1-4Hours,10
12000,14000,Tier2/1-4Hours,10
12000,15100,Tier2/1-4Hours,10
15700,10400,Tier2/1-4Hours,10
12000,10400,Tier2/1-4Hours,10
15800,10400,Tier2/1-4Hours,10
10400,15200,Tier2/1-4Hours,10
10400,15800,Tier2/1-4Hours,10
10400,76500,Tier2/1-4Hours,10
10400,15900,Tier2/1-4Hours,10
10400,12200,Tier2/1-4Hours,10
10400,10200,Tier2/1-4Hours,10
10400,16000,Tier2/1-4Hours,10
10400,76600,Tier2/1-4Hours,10
10400,16400,Tier2/1-4Hours,10
10400,16700,Tier2/1-4Hours,10
10400,16800,Tier2/1-4Hours,10
10400,76800,Tier2/1-4Hours,10
10400,16900,Tier2/1-4Hours,10
10400,76900,Tier2/1-4Hours,10
10400,17100,Tier2/1-4Hours,10
10400,10700,Tier2/1-4Hours,10
10400,17300,Tier2/1-4Hours,10
10400,77000,Tier2/1-4Hours,10
10400,77100,Tier2/1-4Hours,10
16400,10400,Tier2/1-4Hours,10
16500,10400,Tier2/1-4Hours,10
16800,10400,Tier2/1-4Hours,10
12000,17500,Tier2/1-4Hours,10
15600,10400,Tier1/Upto1Hour,15
16000,10400,Tier1/Upto1Hour,15
16100,10400,Tier1/Upto1Hour,15
15500,10400,Tier0/ContinuousAccess,20
